<!-- Dolgubon's Lazy Set Crafter
-- Created December 2016
-- Last Modified: December 2016
-- 
-- Created by Dolgubon (Joseph Heinzle)
----------------------------------->

<GuiXml> 
	<Controls>
		<Button name="PieceButtonTemplate"  virtual="true" alpha="1" clickSound="Book_Acquired" topmost="true" ><!--inherits="ToggleButton">-->
			<Anchor point="CENTER" relativeTo="$(parent)" relativePoint="CENTER"  />
			<Dimensions x="48" y="48" />
			<Textures mouseOver="esoui/art/characterwindow/gearslot_over.dds"/>
			<OnMouseEnter>
				InitializeTooltip(InformationTooltip, self, BOTTOM, 0, -5)
				SetTooltipText(InformationTooltip, self.tooltip)
				
			</OnMouseEnter>
			<OnMouseExit>
				ClearTooltip(InformationTooltip)
			</OnMouseExit>
			<OnClicked>
				self:toggle()
			</OnClicked>
		</Button>
		<TopLevelControl name="DolgubonSetCrafterWindow" clampedToScreen="true" mouseEnabled="true" movable="true" hidden="true" custom="Hey">	
			<Dimensions x="800" y="650" />
			<Anchor point="CENTER" relativeTo="GuiRoot" relativePoint="CENTER" offsetX="300" offsetY="-100"/>
		    <Controls>
		    	
		    	<!--Setting up the window -->
		    	<Backdrop name="$(parent)Backdrop"  alpha="1" inherits="ZO_DefaultBackdrop" centerColor="666666">
		    		<Anchor point="TOPLEFT"  relativeTo="$(parent)" relativePoint="TOPLEFT"/>
		    		<Dimensions x="800" y="650" />
		    	</Backdrop>
		    	<Button name="$(parent)Close" alpha="1" clickSound="Book_Acquired" topmost="true">
		    		<Textures normal="/esoui/art/hud/radialicon_cancel_up.dds" mouseOver="/esoui/art/hud/radialicon_cancel_over.dds" />
     				<Anchor point="CENTER" relativeTo="$(parent)" relativePoint="TOPRIGHT" offsetX="-20" offsetY="20" />
      				<Dimensions x="48" y="48" />
					<OnClicked>
						DolgubonSetCrafter.close()
					</OnClicked>
		    	</Button>
		    	<Label name="$(parent)Title" height="25" Alpha="1" color="FFFFFF" font="ZoFontGameLargeBold" verticalAlignment="TOP" horizontalAlignment="CENTER" text="Dolgubon's Lazy Set Crafter">
        			<Anchor point="TOP" relativeTo="$(parent)Backdrop" relativePoint="TOP" offsetX="0" offsetY="10" />
    			</Label>
		    	<Label name="$(parent)Output" height="25" Alpha="1" color="FFFFFF" font="ZoFontGameLargeBold" verticalAlignment="TOP" horizontalAlignment="CENTER" text="">
        			<Anchor point="CENTER" relativeTo="$(parent)Backdrop" relativePoint="TOP" offsetX="0" offsetY="-90" />
    			</Label>
    			<!----------------------------------------------------------------->
    			<!-- Creating XML controls for Input/-->
    			<!-- Creating the holder for the pieces Input/-->
		    	<Label name="$(parent)PatternInput" height="25" Alpha="1" color="FFFFFF" font="ZoFontGameLargeBold" verticalAlignment="TOP" horizontalAlignment="CENTER" text="PATTERN_HEADER">

        			<Anchor point="CENTER" relativeTo="$(parent)Backdrop" relativePoint="TOP" offsetX="0" offsetY="55" />
    			</Label>
    			<!-- Creating the holder for the comboboxes/-->
    			<Label name="$(parent)Comboboxes" height="25" Alpha="1" color="FFFFFF" font="ZoFontGameLargeBold" verticalAlignment="TOP" horizontalAlignment="CENTER" text="Attributes">
        			<Anchor point="CENTER" relativeTo="$(parent)PatternInput" relativePoint="BOTTOM" offsetX="0" offsetY="105" />
    			</Label>

    			<Button name="$(parent)Add" alpha="1" clickSound="Book_Acquired" topmost="true" text="Add To Queue" inherits="ZO_DefaultButton">
     				<Anchor point="BOTTOM" relativeTo="$(parent)Comboboxes" relativePoint="BOTTOM" offsetX="0" offsetY="160" />
      				<Dimensions x="130" y="28" />
					<OnClicked>
						
						DolgubonSetCrafter.craft()
					</OnClicked>
		    	</Button>
		    	<Button name="$(parent)ResetSelections" alpha="1" clickSound="Book_Acquired" topmost="true" text="Reset to Default" inherits="ZO_DefaultButton">
     				<Anchor point="BOTTOM" relativeTo="$(parent)Comboboxes" relativePoint="BOTTOMRIGHT" offsetX="200" offsetY="160" />
      				<Dimensions x="130" y="28" />
					<OnClicked>
						DolgubonSetCrafter.resetChoices()
					</OnClicked>
		    	</Button>
		    	<Button name="$(parent)ClearQueue" alpha="1" clickSound="Book_Acquired" topmost="true" text="Clear Queue" inherits="ZO_DefaultButton">
     				<Anchor point="BOTTOM" relativeTo="$(parent)Comboboxes" relativePoint="BOTTOMLEFT" offsetX="-200" offsetY="160" />
      				<Dimensions x="130" y="28" />
					<OnClicked>
						DolgubonSetCrafter.clearQueue()
					</OnClicked>
		    	</Button>
		    	<!-- Scroll queue list-->
		    	<Control name="CraftingQueueScroll" hidden="false" mouseEnabled="true" clampedToScreen="true" movable="false">
					<Dimensions x="750" y="250" />
					<Anchor point="TOP" relativeTo="$(parent)Add" relativePoint="BOTTOM" offsetX="0" offsetY="0" />
					<Controls>
						<Label name="$(parent)Label" height="25" Alpha="1" color="FFFFFF" font="ZoFontGameLargeBold" verticalAlignment="TOP" horizontalAlignment="CENTER" text="Crafting Requests">
							<Anchor point="TOP" relativeTo="$(parent)Backdrop" relativePoint="TOP" offsetX="0" offsetY="10" />
						</Label>
						<Control name="$(parent)List" inherits="ZO_ScrollList">
							<Anchor point="BOTTOM" relativeTo="$(parent)" offsetY="-10" offsetX="10" relativePoint="BOTTOM"/>
							<Dimensions x="750" y="200" />
						</Control>
					</Controls>
				</Control>

    			<!-- Creating the input box -->
    			<Backdrop name="$(parent)Input" tier="HIGH" inherits="ZO_EditBackdrop">
					<Anchor point="BOTTOM" relativeTo="$(parent)Comboboxes" relativePoint="CENTER" offsetX="-50" offsetY="50" />
					<Dimensions x="50"/>
					<Controls>
						<Button name="$(parent)ToggleChampion" alpha="1" clickSound="Book_Acquired" topmost="true" ><!--inherits="ToggleButton">-->
	         				<Anchor point="RIGHT" relativeTo="$(parent)" relativePoint="RIGHT" offsetX="-155" offsetY="0" />
	          				<Dimensions x="48" y="48" />
	          				<Textures mouseOver="esoui\art\treeicons\achievements_indexicon_champion_over.dds"/>
							<OnClicked>
								self:toggle()
							</OnClicked>
				    	</Button>
						<EditBox name="$(parent)Box" inherits="ZO_DefaultEditForBackdrop ZO_EditDefaultText">

							<OnInitialized>
								ZO_EditDefaultText_Initialize(self, "")

							</OnInitialized>
						</EditBox>
						<Label name="$(parent)CPLabel"  height="25" alpha="1" text="CP" color="FFFFFF" font="ZoFontGameLargeBold">
							<Anchor point="RIGHT" relativePoint="LEFT" relativeTo="$(parent)" offsetX="-15"/>
						</Label>
						<Label name="$(parent)LevelLabel"  height="25" alpha="1" text="Level:" color="FFFFFF" font="ZoFontGameLargeBold">
							<Anchor point="RIGHT" relativePoint="LEFT" relativeTo="$(parent)" offsetX="-230"/>
						</Label>
					</Controls>
				</Backdrop>
		    	
		    </Controls>
		</TopLevelControl>
		<TopLevelControl name="DolgubonSetCrafterConfirm" clampedToScreen="true" mouseEnabled="true" movable="true" hidden="true">	
			<Dimensions x="300" y="200" />
			<Anchor point="CENTER" relativeTo="GuiRoot" relativePoint="CENTER" offsetX="0" offsetY="-200"/>
			<Controls>
				<Backdrop name="$(parent)Backdrop"  alpha="1" inherits="ZO_DefaultBackdrop" centerColor="666666" >
		    		<Anchor point="TOPLEFT"  relativeTo="$(parent)" relativePoint="TOPLEFT"/>
		    		<Dimensions x="300" y="200" />
		    	</Backdrop>
				<Label name="$(parent)Output" text="Level" font="ZoFontGameLargeBold" color="INTERFACE_COLOR_TYPE_TEXT_COLORS:INTERFACE_TEXT_COLOR_NORMAL">
					<Anchor point="TOP" relativePoint="TOP" relativeTo="$(parent)" offsetY="10"/>
				</Label>
	    		<Button name="$(parent)CraftButton" alpha="1" clickSound="Book_Acquired" topmost="true" text="Craft" inherits="ZO_DefaultButton">
     				<Anchor point="BOTTOM" relativeTo="$(parent)" relativePoint="BOTTOM" offsetX="-65" offsetY="-10" />
      				<Dimensions x="100" y="28" />
					<OnClicked>
						DolgubonSetCrafter.craft()
					</OnClicked>
		    	</Button>
	    		<Button name="$(parent)CancelButton" alpha="1" clickSound="Book_Acquired" topmost="true" text="Cancel" inherits="ZO_DefaultButton">
     				<Anchor point="BOTTOM" relativeTo="$(parent)" relativePoint="BOTTOM" offsetX="65" offsetY="-10" />
      				<Dimensions x="100" y="28" />
					<OnClicked>
						DolgubonSetCrafterConfirm:SetHidden(true)
					</OnClicked>
		    	</Button>
			</Controls>
		</TopLevelControl>


		<Label name="ScrollComboboxTemplate" virtual="true" mouseEnabled="true">
			<Dimensions x="250" y="30" />
			<Anchor point="LEFT" relativeTo="$(parent)" relativePoint="LEFT" offsetX="20" />
			<Controls>
				
				<Label name="$(parent)Name" font="ZoFontGame" verticalAlignment="CENTER">
					<Dimensions x="250" y="48" />
					<Anchor point="RIGHT" relativeTo="$(parent)" relativePoint="RIGHT" offsetX="-100" offsetY="0" />
				</Label>
				<Control name="$(parent)ComboBox" inherits="ZO_StatsDropdownRow"><!--ZO_ScrollableComboBox-->
					<Anchor point="LEFT" relativeTo="$(parent)" relativePoint="LEFT" offsetX="30" offsetY="0" />
					<Dimensions x="200" y="30" />
				</Control>
			</Controls>
		</Label>
		<Label name="ComboboxTemplate" virtual="true" mouseEnabled="true">
			<Dimensions x="250" y="30" />
			<Anchor point="LEFT" relativeTo="$(parent)" relativePoint="LEFT" offsetX="20" />
			<Controls>
				
				<Label name="$(parent)Name" font="ZoFontGame" verticalAlignment="CENTER">
					<Dimensions x="250" y="48" />
					<Anchor point="RIGHT" relativeTo="$(parent)" relativePoint="RIGHT" offsetX="-100" offsetY="0" />
				</Label>
				<Control name="$(parent)ComboBox" inherits="ZO_ComboBox">
					<Anchor point="LEFT" relativeTo="$(parent)" relativePoint="LEFT" offsetX="30" offsetY="0" />
					<Dimensions x="200" y="30" />
				</Control>
			</Controls>
		</Label>

		<Button name="PatternTemplate" mouseEnabled="true" virtual="true" inheritAlpha="true" verticalAlignment="CENTER" horizontalAlignment="CENTER">
			
			<Dimensions x="40" y="40" />
			
			<OnClicked>
				self:toggle()
			</OnClicked>
			<Textures mouseOver="esoui/art/cadwell/checkboxicon_unchecked.dds"/>
			<Controls>
				<Label name="$(parent)Label" font="ZoFontGame" verticalAlignment="CENTER" >
					<Dimensions x="250" y="30" />
					<Anchor point="LEFT" relativeTo="$(parent)" relativePoint="LEFT" offsetX="50" offsetY="0" />
				</Label>
			</Controls>
		</Button>

		
		<Button name="CraftingRequestTemplate" virtual="true" mouseEnabled="true" >
			<OnMouseEnter>
				--BlacklistHoverRow(self)
			</OnMouseEnter>
			<OnMouseExit>
				--BlacklistExitRow(self)
			</OnMouseExit>
			<Dimensions x="850" y="30" />
			<Controls>
				<Button name="$(parent)RemoveButton" inheritAlpha="true" verticalAlignment="CENTER" horizontalAlignment="CENTER">
					<Anchor point="CENTER" relativeTo="$(parent)" relativePoint="RIGHT" offsetX="-20" offsetY="0" />
					<Dimensions x="44" y="44" />
					<Textures normal="/esoui/art/hud/radialicon_cancel_up.dds" mouseOver="/esoui/art/hud/radialicon_cancel_over.dds" />
					<OnClicked>
						self:onClickety()
					</OnClicked>
				</Button>
				<Texture name="$(parent)BG" inherits="ZO_ThinListBgStrip" />
				
				<Label name="$(parent)Pattern" font="ZoFontGame" verticalAlignment="CENTER">
					<Dimensions x="90" y="48" />
					<Anchor point="LEFT" relativeTo="$(parent)" offsetX="0" />
				</Label>
				<Label name="$(parent)Weight" font="ZoFontGame" verticalAlignment="CENTER">
					<Dimensions x="70" y="48" />
					<Anchor point="LEFT" relativeTo="$(parent)Pattern" offsetX="90" />
				</Label>
				<Label name="$(parent)Level" font="ZoFontGame" verticalAlignment="CENTER">
					<Dimensions x="50" y="48" />
					<Anchor point="LEFT" relativeTo="$(parent)Weight" offsetX="70" />
				</Label>
				<Label name="$(parent)Style" font="ZoFontGame" verticalAlignment="CENTER">
					<Dimensions x="150" y="48" />
					<Anchor point="LEFT" relativeTo="$(parent)Level" offsetX="50" />
				</Label>
				<Label name="$(parent)Trait" font="ZoFontGame" verticalAlignment="CENTER">
					<Dimensions x="110" y="48" />
					<Anchor point="LEFT" relativeTo="$(parent)Style" offsetX="150" />
				</Label>
				<Label name="$(parent)Set" font="ZoFontGame" verticalAlignment="CENTER">
					<Dimensions x="140" y="48" />
					<Anchor point="LEFT" relativeTo="$(parent)Trait" offsetX="110" />
				</Label>
				<Label name="$(parent)Quality" font="ZoFontGame" verticalAlignment="CENTER">
					<Dimensions x="250" y="48" />
					<Anchor point="LEFT" relativeTo="$(parent)Set" offsetX="140" />
				</Label>
				
			</Controls>
		</Button>
	

	</Controls>
</GuiXml>